mutation,naive_real_freq,exper_real_freq,uncond_gen_freq,naive_potts_gen_freq,exper_potts_gen_freq,uncond_enrichment,naive_potts_enrichment,exper_potts_enrichment
V82A,0.0,0.0,0.0,0.0,0.0,0.0,0.0,0.0
I84V,0.00022593764121102577,0.022058823529411766,0.0,0.0,0.0,0.0,0.0,0.0
L33F,0.0,0.0,0.0,0.0,0.0,0.0,0.0,0.0
M46I,0.0,0.0,0.0,0.0,0.0,0.0,0.0,0.0
M46L,0.0,0.0,0.0,0.0,0.0,0.0,0.0,0.0
L90M,0.0,0.0,0.0,0.0,0.0,0.0,0.0,0.0
A71V,0.00022593764121102577,0.031512605042016806,0.0,0.0,0.0,0.0,0.0,0.0
A71T,0.0,0.0,0.0,0.0,0.0,0.0,0.0,0.0
D30N,0.0015815634884771804,0.005252100840336135,0.0,0.0,0.0,0.0,0.0,0.0
